<?xml version="1.0" encoding="UTF-8"?>
<project-private xmlns="http://www.netbeans.org/ns/project-private/1">
    <editor-bookmarks xmlns="http://www.netbeans.org/ns/editor-bookmarks/2" lastBookmarkId="0"/>
    <open-files xmlns="http://www.netbeans.org/ns/projectui-open-files/2">
        <group>
            <file>file:/C:/Users/hapib/OneDrive/Documentos/BUAP/semestre_10mo/aplicaciones%20web/Examen_03/convenienceStore/convenienceStore/src/java/models/Sale.java</file>
            <file>file:/C:/Users/hapib/OneDrive/Documentos/BUAP/semestre_10mo/aplicaciones%20web/Examen_03/convenienceStore/convenienceStore/web/views/ventas.jsp</file>
            <file>file:/C:/Users/hapib/OneDrive/Documentos/BUAP/semestre_10mo/aplicaciones%20web/Examen_03/convenienceStore/convenienceStore/src/java/controllers/controller_orders.java</file>
            <file>file:/C:/Users/hapib/OneDrive/Documentos/BUAP/semestre_10mo/aplicaciones%20web/Examen_03/convenienceStore/convenienceStore/src/java/daos/VentasDAO.java</file>
            <file>file:/C:/Users/hapib/OneDrive/Documentos/BUAP/semestre_10mo/aplicaciones%20web/Examen_03/convenienceStore/convenienceStore/src/java/controllers/user.java</file>
            <file>file:/C:/Users/hapib/OneDrive/Documentos/BUAP/semestre_10mo/aplicaciones%20web/Examen_03/convenienceStore/convenienceStore/src/java/controllers/controller_ventas.java</file>
            <file>file:/C:/Users/hapib/OneDrive/Documentos/BUAP/semestre_10mo/aplicaciones%20web/Examen_03/convenienceStore/convenienceStore/web/index.jsp</file>
            <file>file:/C:/Users/hapib/OneDrive/Documentos/BUAP/semestre_10mo/aplicaciones%20web/Examen_03/convenienceStore/convenienceStore/web/views/ordenes.jsp</file>
        </group>
    </open-files>
</project-private>
